{"cameraMode":{"drawMode":0,"name":"Shaded","section":"Shading Mode"},"sceneLighting":true,"audioPlay":false,"sceneViewState":{"m_AlwaysRefresh":false,"showFog":true,"showSkybox":true,"showFlares":true,"showImageEffects":true,"showParticleSystems":true,"showVisualEffectGraphs":true,"m_FxEnabled":true},"in2DMode":false,"pivot":{"x":-0.01883728802204132,"y":1.8537092208862305,"z":0.08462604880332947},"rotation":{"x":0.36983880400657656,"y":-0.21526668965816499,"z":0.08851798623800278,"w":0.8994818925857544},"size":0.14226435124874116,"orthographic":false}